date,total_cta_rides,bus_rides,train_rides,total_311_complaints,transit_related_complaints,traffic_record_count,total_traffic_volume,avg_traffic_volume,avg_traffic_speed,total_crimes,total_arrests,arrest_rate
2025-01-01,381124.0,222363.0,158761.0,0.0,0.0,0.0,0.0,0.0,0.0,0.0,0.0,0.0
2025-01-02,652040.0,420233.0,231807.0,0.0,0.0,0.0,0.0,0.0,0.0,0.0,0.0,0.0
2025-01-03,664201.0,429176.0,235025.0,0.0,0.0,0.0,0.0,0.0,0.0,0.0,0.0,0.0
2025-01-04,487239.0,312215.0,175024.0,0.0,0.0,0.0,0.0,0.0,0.0,0.0,0.0,0.0
2025-01-05,365489.0,238295.0,127194.0,0.0,0.0,0.0,0.0,0.0,0.0,0.0,0.0,0.0
2025-01-06,740312.0,476792.0,263520.0,0.0,0.0,0.0,0.0,0.0,0.0,0.0,0.0,0.0
2025-01-07,844173.0,536559.0,307614.0,0.0,0.0,0.0,0.0,0.0,0.0,0.0,0.0,0.0
2025-01-08,850727.0,541599.0,309128.0,0.0,0.0,0.0,0.0,0.0,0.0,0.0,0.0,0.0
2025-01-09,853355.0,547693.0,305662.0,0.0,0.0,0.0,0.0,0.0,0.0,0.0,0.0,0.0
2025-01-10,750439.0,491837.0,258602.0,0.0,0.0,0.0,0.0,0.0,0.0,0.0,0.0,0.0
2025-01-11,527055.0,339583.0,187472.0,0.0,0.0,0.0,0.0,0.0,0.0,0.0,0.0,0.0
2025-01-12,382059.0,245870.0,136189.0,0.0,0.0,0.0,0.0,0.0,0.0,0.0,0.0,0.0
2025-01-13,801333.0,517511.0,283822.0,0.0,0.0,0.0,0.0,0.0,0.0,0.0,0.0,0.0
2025-01-14,849751.0,533392.0,316359.0,0.0,0.0,0.0,0.0,0.0,0.0,0.0,0.0,0.0
2025-01-15,860480.0,545654.0,314826.0,0.0,0.0,0.0,0.0,0.0,0.0,0.0,0.0,0.0
2025-01-16,904842.0,577563.0,327279.0,0.0,0.0,0.0,0.0,0.0,0.0,0.0,0.0,0.0
2025-01-17,854057.0,563488.0,290569.0,0.0,0.0,0.0,0.0,0.0,0.0,0.0,0.0,0.0
2025-01-18,546944.0,351783.0,195161.0,0.0,0.0,0.0,0.0,0.0,0.0,0.0,0.0,0.0
2025-01-19,339818.0,218301.0,121517.0,0.0,0.0,0.0,0.0,0.0,0.0,0.0,0.0,0.0
2025-01-20,391058.0,254426.0,136632.0,0.0,0.0,0.0,0.0,0.0,0.0,0.0,0.0,0.0
2025-01-21,466261.0,292746.0,173515.0,0.0,0.0,0.0,0.0,0.0,0.0,0.0,0.0,0.0
2025-01-22,787936.0,499263.0,288673.0,0.0,0.0,0.0,0.0,0.0,0.0,0.0,0.0,0.0
2025-01-23,873482.0,557838.0,315644.0,0.0,0.0,0.0,0.0,0.0,0.0,0.0,0.0,0.0
2025-01-24,776136.0,513852.0,262284.0,0.0,0.0,0.0,0.0,0.0,0.0,0.0,0.0,0.0
2025-01-25,542022.0,352390.0,189632.0,0.0,0.0,0.0,0.0,0.0,0.0,0.0,0.0,0.0
2025-01-26,401339.0,262058.0,139281.0,0.0,0.0,0.0,0.0,0.0,0.0,0.0,0.0,0.0
2025-01-27,842301.0,555099.0,287202.0,0.0,0.0,0.0,0.0,0.0,0.0,0.0,0.0,0.0
2025-01-28,928520.0,598090.0,330430.0,0.0,0.0,0.0,0.0,0.0,0.0,0.0,0.0,0.0
2025-01-29,929325.0,598288.0,331037.0,0.0,0.0,0.0,0.0,0.0,0.0,0.0,0.0,0.0
2025-01-30,921839.0,594104.0,327735.0,0.0,0.0,0.0,0.0,0.0,0.0,0.0,0.0,0.0
2025-01-31,757735.0,501702.0,256033.0,0.0,0.0,0.0,0.0,0.0,0.0,0.0,0.0,0.0
2025-02-01,563873.0,374607.0,189266.0,0.0,0.0,0.0,0.0,0.0,0.0,0.0,0.0,0.0
2025-02-02,417251.0,275610.0,141641.0,0.0,0.0,0.0,0.0,0.0,0.0,0.0,0.0,0.0
2025-02-03,820719.0,535937.0,284782.0,0.0,0.0,0.0,0.0,0.0,0.0,0.0,0.0,0.0
2025-02-04,926163.0,597936.0,328227.0,0.0,0.0,0.0,0.0,0.0,0.0,0.0,0.0,0.0
2025-02-05,909107.0,585209.0,323898.0,0.0,0.0,0.0,0.0,0.0,0.0,0.0,0.0,0.0
2025-02-06,876534.0,562135.0,314399.0,0.0,0.0,0.0,0.0,0.0,0.0,0.0,0.0,0.0
2025-02-07,841874.0,565675.0,276199.0,0.0,0.0,0.0,0.0,0.0,0.0,0.0,0.0,0.0
2025-02-08,537731.0,353763.0,183968.0,0.0,0.0,0.0,0.0,0.0,0.0,0.0,0.0,0.0
2025-02-09,429442.0,282432.0,147010.0,0.0,0.0,0.0,0.0,0.0,0.0,0.0,0.0,0.0
2025-02-10,836407.0,555343.0,281064.0,0.0,0.0,0.0,0.0,0.0,0.0,0.0,0.0,0.0
2025-02-11,922443.0,596962.0,325481.0,0.0,0.0,0.0,0.0,0.0,0.0,0.0,0.0,0.0
2025-02-12,755972.0,488531.0,267441.0,0.0,0.0,0.0,0.0,0.0,0.0,0.0,0.0,0.0
2025-02-13,868509.0,557158.0,311351.0,0.0,0.0,0.0,0.0,0.0,0.0,0.0,0.0,0.0
2025-02-14,796901.0,526733.0,270168.0,0.0,0.0,0.0,0.0,0.0,0.0,0.0,0.0,0.0
2025-02-15,544165.0,352655.0,191510.0,0.0,0.0,0.0,0.0,0.0,0.0,0.0,0.0,0.0
2025-02-16,420458.0,274690.0,145768.0,0.0,0.0,0.0,0.0,0.0,0.0,0.0,0.0,0.0
2025-02-17,564415.0,366841.0,197574.0,0.0,0.0,0.0,0.0,0.0,0.0,0.0,0.0,0.0
2025-02-18,759431.0,489769.0,269662.0,0.0,0.0,0.0,0.0,0.0,0.0,0.0,0.0,0.0
2025-02-19,849253.0,548492.0,300761.0,0.0,0.0,0.0,0.0,0.0,0.0,0.0,0.0,0.0
2025-02-20,879095.0,564558.0,314537.0,0.0,0.0,0.0,0.0,0.0,0.0,0.0,0.0,0.0
2025-02-21,817315.0,545973.0,271342.0,0.0,0.0,0.0,0.0,0.0,0.0,0.0,0.0,0.0
2025-02-22,560109.0,368782.0,191327.0,0.0,0.0,0.0,0.0,0.0,0.0,0.0,0.0,0.0
2025-02-23,423337.0,280088.0,143249.0,0.0,0.0,0.0,0.0,0.0,0.0,0.0,0.0,0.0
2025-02-24,867658.0,575923.0,291735.0,0.0,0.0,0.0,0.0,0.0,0.0,0.0,0.0,0.0
2025-02-25,899711.0,572422.0,327289.0,0.0,0.0,0.0,0.0,0.0,0.0,0.0,0.0,0.0
2025-02-26,934681.0,606732.0,327949.0,0.0,0.0,0.0,0.0,0.0,0.0,0.0,0.0,0.0
2025-02-27,936509.0,604174.0,332335.0,0.0,0.0,0.0,0.0,0.0,0.0,0.0,0.0,0.0
2025-02-28,878544.0,587753.0,290791.0,0.0,0.0,0.0,0.0,0.0,0.0,0.0,0.0,0.0
2025-03-01,575043.0,379267.0,195776.0,0.0,0.0,0.0,0.0,0.0,0.0,0.0,0.0,0.0
2025-03-02,439051.0,290372.0,148679.0,0.0,0.0,0.0,0.0,0.0,0.0,0.0,0.0,0.0
2025-03-03,860881.0,575266.0,285615.0,0.0,0.0,0.0,0.0,0.0,0.0,0.0,0.0,0.0
2025-03-04,900127.0,577691.0,322436.0,0.0,0.0,0.0,0.0,0.0,0.0,0.0,0.0,0.0
2025-03-05,930189.0,601362.0,328827.0,0.0,0.0,0.0,0.0,0.0,0.0,0.0,0.0,0.0
2025-03-06,950974.0,616413.0,334561.0,0.0,0.0,0.0,0.0,0.0,0.0,0.0,0.0,0.0
2025-03-07,823224.0,545650.0,277574.0,0.0,0.0,0.0,0.0,0.0,0.0,0.0,0.0,0.0
2025-03-08,604549.0,394244.0,210305.0,0.0,0.0,0.0,0.0,0.0,0.0,0.0,0.0,0.0
2025-03-09,434403.0,275135.0,159268.0,0.0,0.0,0.0,0.0,0.0,0.0,0.0,0.0,0.0
2025-03-10,896794.0,589725.0,307069.0,0.0,0.0,0.0,0.0,0.0,0.0,0.0,0.0,0.0
2025-03-11,969277.0,623140.0,346137.0,0.0,0.0,0.0,0.0,0.0,0.0,0.0,0.0,0.0
2025-03-12,979202.0,630652.0,348550.0,0.0,0.0,0.0,0.0,0.0,0.0,0.0,0.0,0.0
2025-03-13,988417.0,629788.0,358629.0,0.0,0.0,0.0,0.0,0.0,0.0,0.0,0.0,0.0
2025-03-14,951231.0,607065.0,344166.0,0.0,0.0,0.0,0.0,0.0,0.0,0.0,0.0,0.0
2025-03-15,880868.0,417440.0,463428.0,0.0,0.0,0.0,0.0,0.0,0.0,0.0,0.0,0.0
2025-03-16,447680.0,272275.0,175405.0,0.0,0.0,0.0,0.0,0.0,0.0,0.0,0.0,0.0
2025-03-17,910487.0,589506.0,320981.0,0.0,0.0,0.0,0.0,0.0,0.0,0.0,0.0,0.0
2025-03-18,986627.0,628101.0,358526.0,0.0,0.0,0.0,0.0,0.0,0.0,0.0,0.0,0.0
2025-03-19,922137.0,583174.0,338963.0,0.0,0.0,0.0,0.0,0.0,0.0,0.0,0.0,0.0
2025-03-20,934820.0,595291.0,339529.0,0.0,0.0,0.0,0.0,0.0,0.0,0.0,0.0,0.0
2025-03-21,886413.0,584097.0,302316.0,0.0,0.0,0.0,0.0,0.0,0.0,0.0,0.0,0.0
2025-03-22,610884.0,391055.0,219829.0,0.0,0.0,0.0,0.0,0.0,0.0,0.0,0.0,0.0
2025-03-23,444576.0,271741.0,172835.0,0.0,0.0,0.0,0.0,0.0,0.0,0.0,0.0,0.0
2025-03-24,754086.0,489168.0,264918.0,0.0,0.0,0.0,0.0,0.0,0.0,0.0,0.0,0.0
2025-03-25,841795.0,534359.0,307436.0,0.0,0.0,0.0,0.0,0.0,0.0,0.0,0.0,0.0
2025-03-26,850863.0,542344.0,308519.0,0.0,0.0,0.0,0.0,0.0,0.0,0.0,0.0,0.0
2025-03-27,831417.0,521055.0,310362.0,0.0,0.0,0.0,0.0,0.0,0.0,0.0,0.0,0.0
2025-03-28,791143.0,510339.0,280804.0,0.0,0.0,0.0,0.0,0.0,0.0,0.0,0.0,0.0
2025-03-29,601812.0,385973.0,215839.0,0.0,0.0,0.0,0.0,0.0,0.0,0.0,0.0,0.0
2025-03-30,439759.0,283540.0,156219.0,0.0,0.0,0.0,0.0,0.0,0.0,0.0,0.0,0.0
2025-03-31,811356.0,517961.0,293395.0,0.0,0.0,0.0,0.0,0.0,0.0,0.0,0.0,0.0
2025-04-01,934540.0,596911.0,337629.0,0.0,0.0,0.0,0.0,0.0,0.0,0.0,0.0,0.0
2025-04-02,832827.0,521425.0,311402.0,0.0,0.0,0.0,0.0,0.0,0.0,0.0,0.0,0.0
2025-04-03,1013573.0,650813.0,362760.0,0.0,0.0,0.0,0.0,0.0,0.0,0.0,0.0,0.0
2025-04-04,930653.0,600516.0,330137.0,0.0,0.0,0.0,0.0,0.0,0.0,0.0,0.0,0.0
2025-04-05,680844.0,409536.0,271308.0,0.0,0.0,0.0,0.0,0.0,0.0,0.0,0.0,0.0
2025-04-06,506804.0,318214.0,188590.0,0.0,0.0,0.0,0.0,0.0,0.0,0.0,0.0,0.0
2025-04-07,877882.0,566699.0,311183.0,0.0,0.0,0.0,0.0,0.0,0.0,0.0,0.0,0.0
2025-04-08,965860.0,609260.0,356600.0,0.0,0.0,0.0,0.0,0.0,0.0,0.0,0.0,0.0
2025-04-09,940942.0,590820.0,350122.0,0.0,0.0,0.0,0.0,0.0,0.0,0.0,0.0,0.0
2025-04-10,970291.0,617698.0,352593.0,0.0,0.0,0.0,0.0,0.0,0.0,0.0,0.0,0.0
2025-04-11,918949.0,597494.0,321455.0,0.0,0.0,0.0,0.0,0.0,0.0,0.0,0.0,0.0
2025-04-12,659207.0,416044.0,243163.0,0.0,0.0,0.0,0.0,0.0,0.0,0.0,0.0,0.0
2025-04-13,507144.0,319923.0,187221.0,0.0,0.0,0.0,0.0,0.0,0.0,0.0,0.0,0.0
2025-04-14,903848.0,587263.0,316585.0,0.0,0.0,0.0,0.0,0.0,0.0,0.0,0.0,0.0
2025-04-15,981268.0,624410.0,356858.0,0.0,0.0,0.0,0.0,0.0,0.0,0.0,0.0,0.0
2025-04-16,1005978.0,642399.0,363579.0,0.0,0.0,0.0,0.0,0.0,0.0,0.0,0.0,0.0
2025-04-17,976649.0,614180.0,362469.0,0.0,0.0,0.0,0.0,0.0,0.0,0.0,0.0,0.0
2025-04-18,841029.0,527023.0,314006.0,0.0,0.0,0.0,0.0,0.0,0.0,0.0,0.0,0.0
2025-04-19,635847.0,396301.0,239546.0,0.0,0.0,0.0,0.0,0.0,0.0,0.0,0.0,0.0
2025-04-20,433646.0,274852.0,158794.0,0.0,0.0,0.0,0.0,0.0,0.0,0.0,0.0,0.0
2025-04-21,859565.0,560517.0,299048.0,0.0,0.0,0.0,0.0,0.0,0.0,0.0,0.0,0.0
2025-04-22,1004432.0,632228.0,372204.0,0.0,0.0,0.0,0.0,0.0,0.0,0.0,0.0,0.0
2025-04-23,986080.0,614928.0,371152.0,0.0,0.0,0.0,0.0,0.0,0.0,0.0,0.0,0.0
2025-04-24,1020024.0,648997.0,371027.0,0.0,0.0,0.0,0.0,0.0,0.0,0.0,0.0,0.0
2025-04-25,908382.0,577260.0,331122.0,0.0,0.0,0.0,0.0,0.0,0.0,0.0,0.0,0.0
2025-04-26,687849.0,426873.0,260976.0,0.0,0.0,0.0,0.0,0.0,0.0,0.0,0.0,0.0
2025-04-27,530097.0,327684.0,202413.0,0.0,0.0,0.0,0.0,0.0,0.0,0.0,0.0,0.0
2025-04-28,926328.0,600662.0,325666.0,0.0,0.0,0.0,0.0,0.0,0.0,0.0,0.0,0.0
2025-04-29,998345.0,634488.0,363857.0,0.0,0.0,0.0,0.0,0.0,0.0,0.0,0.0,0.0
2025-04-30,988370.0,628281.0,360089.0,0.0,0.0,0.0,0.0,0.0,0.0,0.0,0.0,0.0
2025-05-01,969917.0,611242.0,358675.0,0.0,0.0,0.0,0.0,0.0,0.0,0.0,0.0,0.0
2025-05-02,921991.0,603903.0,318088.0,0.0,0.0,0.0,0.0,0.0,0.0,0.0,0.0,0.0
2025-05-03,655010.0,418278.0,236732.0,0.0,0.0,0.0,0.0,0.0,0.0,0.0,0.0,0.0
2025-05-04,470733.0,300621.0,170112.0,0.0,0.0,0.0,0.0,0.0,0.0,0.0,0.0,0.0
2025-05-05,914091.0,586325.0,327766.0,0.0,0.0,0.0,0.0,0.0,0.0,0.0,0.0,0.0
2025-05-06,1018079.0,639897.0,378182.0,0.0,0.0,0.0,0.0,0.0,0.0,0.0,0.0,0.0
2025-05-07,1008725.0,632421.0,376304.0,0.0,0.0,0.0,0.0,0.0,0.0,0.0,0.0,0.0
2025-05-08,987267.0,621684.0,365583.0,0.0,0.0,0.0,0.0,0.0,0.0,0.0,0.0,0.0
2025-05-09,926229.0,600583.0,325646.0,0.0,0.0,0.0,0.0,0.0,0.0,0.0,0.0,0.0
2025-05-10,657307.0,415865.0,241442.0,0.0,0.0,0.0,0.0,0.0,0.0,0.0,0.0,0.0
2025-05-11,492252.0,312267.0,179985.0,0.0,0.0,0.0,0.0,0.0,0.0,0.0,0.0,0.0
2025-05-12,890000.0,570479.0,319521.0,0.0,0.0,0.0,0.0,0.0,0.0,0.0,0.0,0.0
2025-05-13,985681.0,617201.0,368480.0,0.0,0.0,0.0,0.0,0.0,0.0,0.0,0.0,0.0
2025-05-14,1002846.0,626472.0,376374.0,0.0,0.0,0.0,0.0,0.0,0.0,0.0,0.0,0.0
2025-05-15,977883.0,612577.0,365306.0,0.0,0.0,0.0,0.0,0.0,0.0,0.0,0.0,0.0
2025-05-16,945551.0,587857.0,357694.0,0.0,0.0,0.0,0.0,0.0,0.0,0.0,0.0,0.0
2025-05-17,686952.0,406854.0,280098.0,0.0,0.0,0.0,0.0,0.0,0.0,0.0,0.0,0.0
2025-05-18,567097.0,332619.0,234478.0,0.0,0.0,0.0,0.0,0.0,0.0,0.0,0.0,0.0
2025-05-19,890205.0,570082.0,320123.0,0.0,0.0,0.0,0.0,0.0,0.0,0.0,0.0,0.0
2025-05-20,882562.0,550508.0,332054.0,0.0,0.0,0.0,0.0,0.0,0.0,0.0,0.0,0.0
2025-05-21,944838.0,595930.0,348908.0,0.0,0.0,0.0,0.0,0.0,0.0,0.0,0.0,0.0
2025-05-22,971369.0,603939.0,367430.0,0.0,0.0,0.0,0.0,0.0,0.0,0.0,0.0,0.0
2025-05-23,901197.0,576173.0,325024.0,0.0,0.0,0.0,0.0,0.0,0.0,0.0,0.0,0.0
2025-05-24,658550.0,378935.0,279615.0,0.0,0.0,0.0,0.0,0.0,0.0,0.0,0.0,0.0
2025-05-25,553336.0,328677.0,224659.0,0.0,0.0,0.0,0.0,0.0,0.0,0.0,0.0,0.0
2025-05-26,517110.0,317692.0,199418.0,0.0,0.0,0.0,0.0,0.0,0.0,0.0,0.0,0.0
2025-05-27,936706.0,589921.0,346785.0,0.0,0.0,0.0,0.0,0.0,0.0,0.0,0.0,0.0
2025-05-28,939341.0,583345.0,355996.0,0.0,0.0,0.0,0.0,0.0,0.0,0.0,0.0,0.0
2025-05-29,972736.0,611544.0,361192.0,0.0,0.0,0.0,0.0,0.0,0.0,0.0,0.0,0.0
2025-05-30,927767.0,586666.0,341101.0,0.0,0.0,0.0,0.0,0.0,0.0,0.0,0.0,0.0
2025-05-31,690644.0,417815.0,272829.0,0.0,0.0,0.0,0.0,0.0,0.0,0.0,0.0,0.0
2025-06-01,537565.0,318757.0,218808.0,0.0,0.0,0.0,0.0,0.0,0.0,0.0,0.0,0.0
2025-06-02,887908.0,561375.0,326533.0,0.0,0.0,0.0,0.0,0.0,0.0,0.0,0.0,0.0
2025-06-03,993061.0,624906.0,368155.0,0.0,0.0,0.0,0.0,0.0,0.0,0.0,0.0,0.0
2025-06-04,911273.0,564374.0,346899.0,0.0,0.0,0.0,0.0,0.0,0.0,0.0,0.0,0.0
2025-06-05,991927.0,617082.0,374845.0,0.0,0.0,0.0,0.0,0.0,0.0,0.0,0.0,0.0
2025-06-06,933518.0,582248.0,351270.0,0.0,0.0,0.0,0.0,0.0,0.0,0.0,0.0,0.0
2025-06-07,712601.0,429016.0,283585.0,0.0,0.0,0.0,0.0,0.0,0.0,0.0,0.0,0.0
2025-06-08,545064.0,328252.0,216812.0,0.0,0.0,0.0,0.0,0.0,0.0,0.0,0.0,0.0
2025-06-09,882083.0,558595.0,323488.0,0.0,0.0,0.0,0.0,0.0,0.0,0.0,0.0,0.0
2025-06-10,966283.0,588316.0,377967.0,0.0,0.0,0.0,0.0,0.0,0.0,0.0,0.0,0.0
2025-06-11,984227.0,608484.0,375743.0,0.0,0.0,0.0,0.0,0.0,0.0,0.0,0.0,0.0
2025-06-12,975933.0,578634.0,397299.0,0.0,0.0,0.0,0.0,0.0,0.0,0.0,0.0,0.0
2025-06-13,869025.0,520095.0,348930.0,0.0,0.0,0.0,0.0,0.0,0.0,0.0,0.0,0.0
2025-06-14,763718.0,408264.0,355454.0,0.0,0.0,0.0,0.0,0.0,0.0,0.0,0.0,0.0
2025-06-15,549426.0,326756.0,222670.0,0.0,0.0,0.0,0.0,0.0,0.0,0.0,0.0,0.0
2025-06-16,835425.0,524533.0,310892.0,0.0,0.0,0.0,0.0,0.0,0.0,0.0,0.0,0.0
2025-06-17,947325.0,566120.0,381205.0,0.0,0.0,0.0,0.0,0.0,0.0,0.0,0.0,0.0
2025-06-18,857231.0,514461.0,342770.0,0.0,0.0,0.0,0.0,0.0,0.0,0.0,0.0,0.0
2025-06-19,810882.0,491321.0,319561.0,0.0,0.0,0.0,0.0,0.0,0.0,0.0,0.0,0.0
2025-06-20,884788.0,533706.0,351082.0,0.0,0.0,0.0,0.0,0.0,0.0,0.0,0.0,0.0
2025-06-21,684218.0,394957.0,289261.0,0.0,0.0,0.0,0.0,0.0,0.0,0.0,0.0,0.0
2025-06-22,528476.0,311257.0,217219.0,0.0,0.0,0.0,0.0,0.0,0.0,0.0,0.0,0.0
2025-06-23,805021.0,500171.0,304850.0,0.0,0.0,0.0,0.0,0.0,0.0,0.0,0.0,0.0
2025-06-24,895608.0,547917.0,347691.0,0.0,0.0,0.0,0.0,0.0,0.0,0.0,0.0,0.0
2025-06-25,932760.0,567889.0,364871.0,0.0,0.0,0.0,0.0,0.0,0.0,0.0,0.0,0.0
2025-06-26,944605.0,557659.0,386946.0,0.0,0.0,0.0,0.0,0.0,0.0,0.0,0.0,0.0
2025-06-27,864003.0,521935.0,342068.0,0.0,0.0,0.0,0.0,0.0,0.0,0.0,0.0,0.0
2025-06-28,669790.0,394455.0,275335.0,0.0,0.0,0.0,0.0,0.0,0.0,0.0,0.0,0.0
2025-06-29,575700.0,312473.0,263227.0,0.0,0.0,0.0,0.0,0.0,0.0,0.0,0.0,0.0
2025-06-30,840569.0,531568.0,309001.0,0.0,0.0,0.0,0.0,0.0,0.0,0.0,0.0,0.0
2025-07-01,968767.0,597887.0,370880.0,0.0,0.0,0.0,0.0,0.0,0.0,0.0,0.0,0.0
2025-07-02,935400.0,574996.0,360404.0,0.0,0.0,0.0,0.0,0.0,0.0,0.0,0.0,0.0
2025-07-03,898249.0,548816.0,349433.0,0.0,0.0,0.0,0.0,0.0,0.0,0.0,0.0,0.0
2025-07-04,541451.0,314550.0,226901.0,0.0,0.0,0.0,0.0,0.0,0.0,0.0,0.0,0.0
2025-07-05,638941.0,367486.0,271455.0,0.0,0.0,0.0,0.0,0.0,0.0,0.0,0.0,0.0
2025-07-06,508961.0,292227.0,216734.0,0.0,0.0,0.0,0.0,0.0,0.0,0.0,0.0,0.0
2025-07-07,857541.0,535024.0,322517.0,0.0,0.0,0.0,0.0,0.0,0.0,0.0,0.0,0.0
2025-07-08,919429.0,561004.0,358425.0,0.0,0.0,0.0,0.0,0.0,0.0,0.0,0.0,0.0
2025-07-09,934902.0,573837.0,361065.0,0.0,0.0,0.0,0.0,0.0,0.0,0.0,0.0,0.0
2025-07-10,947464.0,579986.0,367478.0,0.0,0.0,0.0,0.0,0.0,0.0,0.0,0.0,0.0
2025-07-11,852512.0,523017.0,329495.0,0.0,0.0,0.0,0.0,0.0,0.0,0.0,0.0,0.0
2025-07-12,689510.0,419689.0,269821.0,0.0,0.0,0.0,0.0,0.0,0.0,0.0,0.0,0.0
2025-07-13,547402.0,332880.0,214522.0,0.0,0.0,0.0,0.0,0.0,0.0,0.0,0.0,0.0
2025-07-14,857556.0,541930.0,315626.0,0.0,0.0,0.0,0.0,0.0,0.0,0.0,0.0,0.0
2025-07-15,936942.0,576180.0,360762.0,0.0,0.0,0.0,0.0,0.0,0.0,0.0,0.0,0.0
2025-07-16,914286.0,558603.0,355683.0,0.0,0.0,0.0,0.0,0.0,0.0,0.0,0.0,0.0
2025-07-17,947327.0,569203.0,378124.0,0.0,0.0,0.0,0.0,0.0,0.0,0.0,0.0,0.0
2025-07-18,931596.0,553334.0,378262.0,0.0,0.0,0.0,0.0,0.0,0.0,0.0,0.0,0.0
2025-07-19,681750.0,392595.0,289155.0,0.0,0.0,0.0,0.0,0.0,0.0,0.0,0.0,0.0
2025-07-20,566457.0,326161.0,240296.0,0.0,0.0,0.0,0.0,0.0,0.0,0.0,0.0,0.0
2025-07-21,861336.0,514650.0,346686.0,0.0,0.0,0.0,0.0,0.0,0.0,0.0,0.0,0.0
2025-07-22,971715.0,577664.0,394051.0,0.0,0.0,0.0,0.0,0.0,0.0,0.0,0.0,0.0
2025-07-23,950362.0,566238.0,384124.0,0.0,0.0,0.0,0.0,0.0,0.0,0.0,0.0,0.0
2025-07-24,873515.0,524252.0,349263.0,0.0,0.0,0.0,0.0,0.0,0.0,0.0,0.0,0.0
2025-07-25,841706.0,505385.0,336321.0,0.0,0.0,0.0,0.0,0.0,0.0,365.0,60.0,0.1643835616438356
2025-07-26,685473.0,388592.0,296881.0,0.0,0.0,0.0,0.0,0.0,0.0,680.0,103.0,0.1514705882352941
2025-07-27,552519.0,323927.0,228592.0,0.0,0.0,0.0,0.0,0.0,0.0,723.0,116.0,0.16044260027662519
2025-07-28,814525.0,502632.0,311893.0,0.0,0.0,0.0,0.0,0.0,0.0,756.0,121.0,0.16005291005291006
2025-07-29,920654.0,553625.0,367029.0,0.0,0.0,0.0,0.0,0.0,0.0,717.0,107.0,0.1492329149232915
2025-07-30,915770.0,532630.0,383140.0,0.0,0.0,0.0,0.0,0.0,0.0,660.0,106.0,0.1606060606060606
2025-07-31,1008498.0,562588.0,445910.0,0.0,0.0,0.0,0.0,0.0,0.0,724.0,118.0,0.16298342541436464
2025-08-01,1007171.0,571519.0,435652.0,0.0,0.0,0.0,0.0,0.0,0.0,845.0,107.0,0.12662721893491125
2025-08-02,793706.0,422956.0,370750.0,0.0,0.0,0.0,0.0,0.0,0.0,710.0,120.0,0.16901408450704225
2025-08-03,647776.0,343873.0,303903.0,0.0,0.0,0.0,0.0,0.0,0.0,711.0,121.0,0.170182841068917
2025-08-04,902819.0,545359.0,357460.0,0.0,0.0,0.0,0.0,0.0,0.0,676.0,118.0,0.17455621301775148
2025-08-05,969933.0,581976.0,387957.0,0.0,0.0,0.0,0.0,0.0,0.0,694.0,97.0,0.13976945244956773
2025-08-06,967503.0,581139.0,386364.0,0.0,0.0,0.0,0.0,0.0,0.0,709.0,101.0,0.14245416078984485
2025-08-07,948681.0,576039.0,372642.0,0.0,0.0,0.0,0.0,0.0,0.0,703.0,96.0,0.13655761024182078
2025-08-08,881833.0,539139.0,342694.0,0.0,0.0,0.0,0.0,0.0,0.0,641.0,114.0,0.17784711388455537
2025-08-09,685473.0,407044.0,278429.0,0.0,0.0,0.0,0.0,0.0,0.0,665.0,105.0,0.15789473684210525
2025-08-10,560361.0,335127.0,225234.0,0.0,0.0,0.0,0.0,0.0,0.0,707.0,94.0,0.13295615275813297
2025-08-11,847754.0,529223.0,318531.0,0.0,0.0,0.0,0.0,0.0,0.0,677.0,99.0,0.14623338257016247
2025-08-12,865561.0,522962.0,342599.0,0.0,0.0,0.0,0.0,0.0,0.0,612.0,108.0,0.17647058823529413
2025-08-13,953712.0,588652.0,365060.0,0.0,0.0,0.0,0.0,0.0,0.0,684.0,91.0,0.13304093567251463
2025-08-14,943848.0,580537.0,363311.0,0.0,0.0,0.0,0.0,0.0,0.0,685.0,97.0,0.1416058394160584
2025-08-15,925251.0,555209.0,370042.0,0.0,0.0,0.0,0.0,0.0,0.0,728.0,103.0,0.14148351648351648
2025-08-16,717462.0,410526.0,306936.0,0.0,0.0,0.0,0.0,0.0,0.0,645.0,89.0,0.13798449612403102
2025-08-17,595674.0,340360.0,255314.0,0.0,0.0,0.0,0.0,0.0,0.0,646.0,99.0,0.15325077399380804
2025-08-18,849581.0,520540.0,329041.0,0.0,0.0,0.0,0.0,0.0,0.0,694.0,86.0,0.1239193083573487
2025-08-19,992175.0,605569.0,386606.0,0.0,0.0,0.0,0.0,0.0,0.0,685.0,103.0,0.15036496350364964
2025-08-20,1013173.0,625911.0,387262.0,0.0,0.0,0.0,0.0,0.0,0.0,705.0,97.0,0.1375886524822695
2025-08-21,1018391.0,623605.0,394786.0,0.0,0.0,0.0,0.0,0.0,0.0,707.0,105.0,0.1485148514851485
2025-08-22,933212.0,592493.0,340719.0,0.0,0.0,0.0,0.0,0.0,0.0,727.0,96.0,0.13204951856946354
2025-08-23,696666.0,425709.0,270957.0,0.0,0.0,0.0,0.0,0.0,0.0,714.0,94.0,0.13165266106442577
2025-08-24,551355.0,333820.0,217535.0,0.0,0.0,0.0,0.0,0.0,0.0,712.0,112.0,0.15730337078651685
2025-08-25,938526.0,604698.0,333828.0,0.0,0.0,0.0,0.0,0.0,0.0,644.0,85.0,0.13198757763975155
2025-08-26,1020867.0,638722.0,382145.0,0.0,0.0,0.0,0.0,0.0,0.0,624.0,99.0,0.15865384615384615
2025-08-27,1036999.0,648630.0,388369.0,0.0,0.0,0.0,0.0,0.0,0.0,579.0,91.0,0.15716753022452504
2025-08-28,1064674.0,637492.0,427182.0,0.0,0.0,0.0,0.0,0.0,0.0,638.0,119.0,0.1865203761755486
2025-08-29,1014764.0,624063.0,390701.0,0.0,0.0,0.0,0.0,0.0,0.0,677.0,108.0,0.15952732644017725
2025-08-30,747860.0,428928.0,318932.0,0.0,0.0,0.0,0.0,0.0,0.0,610.0,80.0,0.13114754098360656
2025-08-31,639100.0,356883.0,282217.0,0.0,0.0,0.0,0.0,0.0,0.0,747.0,121.0,0.16198125836680052
2025-09-01,583719.0,341538.0,242181.0,0.0,0.0,0.0,0.0,0.0,0.0,734.0,102.0,0.13896457765667575
2025-09-02,1033759.0,644993.0,388766.0,0.0,0.0,0.0,0.0,0.0,0.0,683.0,103.0,0.15080527086383602
2025-09-03,1043783.0,653929.0,389854.0,0.0,0.0,0.0,0.0,0.0,0.0,644.0,109.0,0.16925465838509315
2025-09-04,1052452.0,660723.0,391729.0,0.0,0.0,0.0,0.0,0.0,0.0,631.0,114.0,0.18066561014263074
2025-09-05,1003858.0,625214.0,378644.0,0.0,0.0,0.0,0.0,0.0,0.0,709.0,93.0,0.1311706629055007
2025-09-06,725405.0,417466.0,307939.0,0.0,0.0,0.0,0.0,0.0,0.0,655.0,85.0,0.1297709923664122
2025-09-07,572469.0,330690.0,241779.0,0.0,0.0,0.0,0.0,0.0,0.0,661.0,81.0,0.12254160363086233
2025-09-08,967731.0,613062.0,354669.0,0.0,0.0,0.0,0.0,0.0,0.0,654.0,89.0,0.13608562691131498
2025-09-09,1038717.0,647344.0,391373.0,0.0,0.0,0.0,0.0,0.0,0.0,615.0,87.0,0.14146341463414633
2025-09-10,1052748.0,652812.0,399936.0,0.0,0.0,0.0,0.0,0.0,0.0,665.0,96.0,0.1443609022556391
2025-09-11,1048189.0,644387.0,403802.0,0.0,0.0,0.0,0.0,0.0,0.0,634.0,96.0,0.15141955835962145
2025-09-12,988388.0,615343.0,373045.0,0.0,0.0,0.0,0.0,0.0,0.0,651.0,100.0,0.15360983102918588
2025-09-13,646529.0,379050.0,267479.0,0.0,0.0,0.0,0.0,0.0,0.0,716.0,118.0,0.164804469273743
2025-09-14,552099.0,329059.0,223040.0,0.0,0.0,0.0,0.0,0.0,0.0,669.0,126.0,0.18834080717488788
2025-09-15,971519.0,612083.0,359436.0,0.0,0.0,0.0,0.0,0.0,0.0,710.0,100.0,0.14084507042253522
2025-09-16,1048462.0,647995.0,400467.0,0.0,0.0,0.0,0.0,0.0,0.0,650.0,109.0,0.1676923076923077
2025-09-17,1063133.0,658950.0,404183.0,0.0,0.0,0.0,0.0,0.0,0.0,676.0,98.0,0.14497041420118342
2025-09-18,1068199.0,654605.0,413594.0,0.0,0.0,0.0,0.0,0.0,0.0,715.0,117.0,0.16363636363636364
2025-09-19,1002931.0,612276.0,390655.0,0.0,0.0,0.0,0.0,0.0,0.0,729.0,116.0,0.15912208504801098
2025-09-20,675827.0,384714.0,291113.0,0.0,0.0,0.0,0.0,0.0,0.0,706.0,98.0,0.1388101983002833
2025-09-21,563126.0,328795.0,234331.0,0.0,0.0,0.0,0.0,0.0,0.0,661.0,111.0,0.16792738275340394
2025-09-22,966711.0,609683.0,357028.0,0.0,0.0,0.0,0.0,0.0,0.0,682.0,101.0,0.14809384164222875
2025-09-23,1033309.0,630655.0,402654.0,0.0,0.0,0.0,0.0,0.0,0.0,657.0,99.0,0.1506849315068493
2025-09-24,1071316.0,657158.0,414158.0,0.0,0.0,0.0,0.0,0.0,0.0,652.0,102.0,0.15644171779141106
2025-09-25,1080514.0,651484.0,429030.0,0.0,0.0,0.0,0.0,0.0,0.0,636.0,74.0,0.11635220125786164
2025-09-26,951108.0,577453.0,373655.0,0.0,0.0,0.0,0.0,0.0,0.0,693.0,108.0,0.15584415584415584
2025-09-27,720486.0,425018.0,295468.0,0.0,0.0,0.0,0.0,0.0,0.0,654.0,108.0,0.1651376146788991
2025-09-28,551542.0,326336.0,225206.0,0.0,0.0,0.0,0.0,0.0,0.0,661.0,95.0,0.1437216338880484
2025-09-29,947462.0,597877.0,349585.0,0.0,0.0,0.0,0.0,0.0,0.0,707.0,93.0,0.13154172560113153
2025-09-30,1052579.0,641726.0,410853.0,0.0,0.0,0.0,0.0,0.0,0.0,671.0,93.0,0.13859910581222057
2025-10-01,1085837.0,669532.0,416305.0,0.0,0.0,0.0,0.0,0.0,0.0,770.0,93.0,0.12077922077922078
2025-10-02,1051121.0,643252.0,407869.0,0.0,0.0,0.0,0.0,0.0,0.0,688.0,97.0,0.14098837209302326
2025-10-03,979135.0,624935.0,354200.0,0.0,0.0,0.0,0.0,0.0,0.0,766.0,121.0,0.15796344647519583
2025-10-04,695651.0,425185.0,270466.0,0.0,0.0,0.0,0.0,0.0,0.0,767.0,123.0,0.16036505867014342
2025-10-05,538132.0,327917.0,210215.0,0.0,0.0,0.0,0.0,0.0,0.0,704.0,121.0,0.171875
2025-10-06,938201.0,596708.0,341493.0,0.0,0.0,0.0,0.0,0.0,0.0,679.0,100.0,0.14727540500736377
2025-10-07,997034.0,617245.0,379789.0,0.0,0.0,0.0,0.0,0.0,0.0,614.0,80.0,0.13029315960912052
2025-10-08,1077219.0,656580.0,420639.0,0.0,0.0,0.0,0.0,0.0,0.0,631.0,85.0,0.1347068145800317
2025-10-09,1089819.0,652431.0,437388.0,0.0,0.0,0.0,0.0,0.0,0.0,635.0,91.0,0.14330708661417324
2025-10-10,1010096.0,615805.0,394291.0,0.0,0.0,0.0,0.0,0.0,0.0,649.0,84.0,0.12942989214175654
2025-10-11,749816.0,420251.0,329565.0,0.0,0.0,0.0,0.0,0.0,0.0,623.0,95.0,0.15248796147672553
2025-10-12,725934.0,281306.0,444628.0,0.0,0.0,0.0,0.0,0.0,0.0,640.0,79.0,0.1234375
2025-10-13,819936.0,484898.0,335038.0,0.0,0.0,0.0,0.0,0.0,0.0,608.0,95.0,0.15625
2025-10-14,1049245.0,646703.0,402542.0,0.0,0.0,0.0,0.0,0.0,0.0,666.0,106.0,0.15915915915915915
2025-10-15,1020042.0,625929.0,394113.0,0.0,0.0,0.0,0.0,0.0,0.0,626.0,98.0,0.15654952076677317
2025-10-16,1054105.0,646871.0,407234.0,0.0,0.0,0.0,0.0,0.0,0.0,684.0,98.0,0.14327485380116958
2025-10-17,964764.0,601853.0,362911.0,0.0,0.0,0.0,0.0,0.0,0.0,723.0,99.0,0.13692946058091288
2025-10-18,743682.0,378492.0,365190.0,0.0,0.0,0.0,0.0,0.0,0.0,658.0,77.0,0.11702127659574468
2025-10-19,508601.0,305781.0,202820.0,0.0,0.0,0.0,0.0,0.0,0.0,572.0,74.0,0.12937062937062938
2025-10-20,948090.0,598862.0,349228.0,0.0,0.0,0.0,0.0,0.0,0.0,688.0,100.0,0.14534883720930233
2025-10-21,997790.0,612636.0,385154.0,0.0,0.0,0.0,0.0,0.0,0.0,634.0,94.0,0.14826498422712933
2025-10-22,997596.0,614247.0,383349.0,0.0,0.0,0.0,0.0,0.0,0.0,662.0,90.0,0.13595166163141995
2025-10-23,1006929.0,614580.0,392349.0,0.0,0.0,0.0,0.0,0.0,0.0,654.0,104.0,0.15902140672782875
2025-10-24,926870.0,583189.0,343681.0,0.0,0.0,0.0,0.0,0.0,0.0,727.0,102.0,0.14030261348005502
2025-10-25,630157.0,397236.0,232921.0,0.0,0.0,0.0,0.0,0.0,0.0,640.0,88.0,0.1375
2025-10-26,498747.0,320381.0,178366.0,0.0,0.0,0.0,0.0,0.0,0.0,712.0,101.0,0.14185393258426968
2025-10-27,875488.0,547573.0,327915.0,0.0,0.0,0.0,0.0,0.0,0.0,689.0,92.0,0.13352685050798258
2025-10-28,1018581.0,635040.0,383541.0,0.0,0.0,0.0,0.0,0.0,0.0,686.0,99.0,0.14431486880466474
2025-10-29,1027405.0,641377.0,386028.0,0.0,0.0,0.0,0.0,0.0,0.0,619.0,93.0,0.15024232633279483
2025-10-30,1035007.0,641498.0,393509.0,0.0,0.0,0.0,0.0,0.0,0.0,646.0,94.0,0.14551083591331268
2025-10-31,955436.0,597998.0,357438.0,0.0,0.0,0.0,0.0,0.0,0.0,692.0,91.0,0.1315028901734104
2025-11-01,0.0,0.0,0.0,0.0,0.0,0.0,0.0,0.0,0.0,666.0,92.0,0.13813813813813813
2025-11-02,0.0,0.0,0.0,0.0,0.0,0.0,0.0,0.0,0.0,705.0,115.0,0.16312056737588654
2025-11-03,0.0,0.0,0.0,0.0,0.0,0.0,0.0,0.0,0.0,680.0,100.0,0.14705882352941177
2025-11-04,0.0,0.0,0.0,0.0,0.0,0.0,0.0,0.0,0.0,655.0,101.0,0.15419847328244274
2025-11-05,0.0,0.0,0.0,0.0,0.0,0.0,0.0,0.0,0.0,629.0,81.0,0.1287758346581876
2025-11-06,0.0,0.0,0.0,0.0,0.0,0.0,0.0,0.0,0.0,634.0,100.0,0.15772870662460567
2025-11-07,0.0,0.0,0.0,0.0,0.0,0.0,0.0,0.0,0.0,612.0,85.0,0.1388888888888889
2025-11-08,0.0,0.0,0.0,0.0,0.0,0.0,0.0,0.0,0.0,604.0,89.0,0.14735099337748345
2025-11-09,0.0,0.0,0.0,0.0,0.0,0.0,0.0,0.0,0.0,528.0,89.0,0.16856060606060605
2025-11-10,0.0,0.0,0.0,0.0,0.0,0.0,0.0,0.0,0.0,487.0,75.0,0.1540041067761807
2025-11-11,0.0,0.0,0.0,0.0,0.0,0.0,0.0,0.0,0.0,536.0,80.0,0.14925373134328357
2025-11-12,0.0,0.0,0.0,0.0,0.0,0.0,0.0,0.0,0.0,622.0,103.0,0.16559485530546625
2025-11-13,0.0,0.0,0.0,0.0,0.0,0.0,0.0,0.0,0.0,592.0,94.0,0.15878378378378377
2025-11-14,0.0,0.0,0.0,0.0,0.0,0.0,0.0,0.0,0.0,691.0,111.0,0.16063675832127353
2025-11-15,0.0,0.0,0.0,0.0,0.0,0.0,0.0,0.0,0.0,711.0,107.0,0.15049226441631505
2025-11-16,0.0,0.0,0.0,0.0,0.0,0.0,0.0,0.0,0.0,637.0,104.0,0.16326530612244897
2025-11-17,0.0,0.0,0.0,0.0,0.0,0.0,0.0,0.0,0.0,671.0,109.0,0.16244411326378538
2025-11-18,0.0,0.0,0.0,0.0,0.0,0.0,0.0,0.0,0.0,562.0,73.0,0.1298932384341637
2025-11-19,0.0,0.0,0.0,0.0,0.0,0.0,0.0,0.0,0.0,608.0,110.0,0.18092105263157895
2025-11-20,0.0,0.0,0.0,0.0,0.0,0.0,0.0,0.0,0.0,615.0,88.0,0.14308943089430895
2025-11-21,0.0,0.0,0.0,0.0,0.0,0.0,0.0,0.0,0.0,698.0,128.0,0.1833810888252149
2025-11-22,0.0,0.0,0.0,0.0,0.0,0.0,0.0,0.0,0.0,603.0,87.0,0.14427860696517414
2025-11-23,0.0,0.0,0.0,0.0,0.0,0.0,0.0,0.0,0.0,650.0,93.0,0.14307692307692307
2025-11-24,0.0,0.0,0.0,0.0,0.0,0.0,0.0,0.0,0.0,602.0,92.0,0.15282392026578073
2025-11-25,0.0,0.0,0.0,0.0,0.0,0.0,0.0,0.0,0.0,604.0,81.0,0.13410596026490065
2025-11-26,0.0,0.0,0.0,0.0,0.0,0.0,0.0,0.0,0.0,580.0,97.0,0.16724137931034483
2025-11-27,0.0,0.0,0.0,0.0,0.0,0.0,0.0,0.0,0.0,454.0,64.0,0.14096916299559473
2025-11-28,0.0,0.0,0.0,0.0,0.0,0.0,0.0,0.0,0.0,524.0,69.0,0.1316793893129771
2025-11-29,0.0,0.0,0.0,0.0,0.0,0.0,0.0,0.0,0.0,440.0,76.0,0.17272727272727273
2025-11-30,0.0,0.0,0.0,0.0,0.0,0.0,0.0,0.0,0.0,456.0,66.0,0.14473684210526316
2025-12-01,0.0,0.0,0.0,0.0,0.0,0.0,0.0,0.0,0.0,509.0,76.0,0.14931237721021612
2025-12-02,0.0,0.0,0.0,0.0,0.0,0.0,0.0,0.0,0.0,516.0,61.0,0.1182170542635659
2025-12-03,0.0,0.0,0.0,0.0,0.0,0.0,0.0,0.0,0.0,471.0,67.0,0.14225053078556263
2025-12-04,0.0,0.0,0.0,0.0,0.0,0.0,0.0,0.0,0.0,468.0,71.0,0.1517094017094017
2025-12-05,0.0,0.0,0.0,0.0,0.0,0.0,0.0,0.0,0.0,587.0,83.0,0.141396933560477
2025-12-06,0.0,0.0,0.0,0.0,0.0,0.0,0.0,0.0,0.0,568.0,95.0,0.16725352112676056
2025-12-07,0.0,0.0,0.0,0.0,0.0,0.0,0.0,0.0,0.0,527.0,82.0,0.1555977229601518
2025-12-08,0.0,0.0,0.0,0.0,0.0,0.0,0.0,0.0,0.0,539.0,75.0,0.1391465677179963
2025-12-09,0.0,0.0,0.0,0.0,0.0,0.0,0.0,0.0,0.0,509.0,70.0,0.137524557956778
2025-12-10,0.0,0.0,0.0,3763.0,3763.0,0.0,0.0,0.0,0.0,572.0,69.0,0.12062937062937062
2025-12-11,0.0,0.0,0.0,5904.0,5904.0,0.0,0.0,0.0,0.0,575.0,72.0,0.12521739130434784
2025-12-12,0.0,0.0,0.0,5354.0,5354.0,0.0,0.0,0.0,0.0,601.0,89.0,0.1480865224625624
2025-12-13,0.0,0.0,0.0,3656.0,3656.0,0.0,0.0,0.0,0.0,553.0,80.0,0.14466546112115733
2025-12-14,0.0,0.0,0.0,3492.0,3492.0,0.0,0.0,0.0,0.0,465.0,69.0,0.14838709677419354
2025-12-15,0.0,0.0,0.0,4966.0,4966.0,0.0,0.0,0.0,0.0,549.0,80.0,0.14571948998178508
2025-12-16,0.0,0.0,0.0,4939.0,4939.0,0.0,0.0,0.0,0.0,529.0,61.0,0.11531190926275993
2025-12-17,0.0,0.0,0.0,5442.0,5442.0,0.0,0.0,0.0,0.0,577.0,69.0,0.1195840554592721
2025-12-18,0.0,0.0,0.0,5881.0,5881.0,0.0,0.0,0.0,0.0,526.0,72.0,0.13688212927756654
2025-12-19,0.0,0.0,0.0,4824.0,4824.0,0.0,0.0,0.0,0.0,555.0,62.0,0.11171171171171171
2025-12-20,0.0,0.0,0.0,3577.0,3577.0,0.0,0.0,0.0,0.0,627.0,71.0,0.11323763955342903
2025-12-21,0.0,0.0,0.0,3784.0,3784.0,0.0,0.0,0.0,0.0,562.0,68.0,0.12099644128113879
2025-12-22,0.0,0.0,0.0,5390.0,5390.0,0.0,0.0,0.0,0.0,612.0,83.0,0.13562091503267973
2025-12-23,0.0,0.0,0.0,5278.0,5278.0,0.0,0.0,0.0,0.0,576.0,73.0,0.1267361111111111
2025-12-24,0.0,0.0,0.0,3715.0,3715.0,0.0,0.0,0.0,0.0,584.0,83.0,0.1421232876712329
2025-12-25,0.0,0.0,0.0,2506.0,2506.0,133084.0,1023876.0,7.693456764148959,14.812066063538818,440.0,48.0,0.10909090909090909
2025-12-26,0.0,0.0,0.0,4912.0,4912.0,145533.0,1662143.0,11.421072883813293,16.675111486741837,572.0,97.0,0.16958041958041958
2025-12-27,0.0,0.0,0.0,3514.0,3514.0,143439.0,1279749.0,8.921904084663167,15.29407622752529,492.0,71.0,0.1443089430894309
2025-12-28,0.0,0.0,0.0,4287.0,4287.0,142392.0,1069927.0,7.513954435642452,13.894642957469522,506.0,71.0,0.14031620553359683
2025-12-29,0.0,0.0,0.0,5547.0,5547.0,144486.0,1379021.0,9.544322633334717,14.588935952272193,11.0,0.0,0.0
2025-12-30,0.0,0.0,0.0,5116.0,5116.0,145533.0,1677132.0,11.52406670652017,16.49032178268846,0.0,0.0,0.0
2025-12-31,0.0,0.0,0.0,4153.0,4153.0,145533.0,1642325.0,11.284897583365971,16.252396363711323,0.0,0.0,0.0
